{"cameraMode":{"drawMode":0,"name":"Shaded","section":"Shading Mode"},"sceneLighting":false,"audioPlay":false,"sceneViewState":{"showFog":true,"showMaterialUpdate":false,"showSkybox":false,"showFlares":true,"showImageEffects":true,"showParticleSystems":true,"showVisualEffectGraphs":true,"m_FxEnabled":true},"in2DMode":false,"pivot":{"x":-1.085597276687622,"y":0.40911734104156496,"z":0.1737651824951172},"rotation":{"x":0.06862559914588928,"y":-0.8671736121177673,"z":0.12468738108873368,"w":0.4772433042526245},"size":1.6580617427825928,"orthographic":false}